employee_name,user_id,O,C,E,A,N,sum_neg_url_hits,avg_pneg_neg_urls
Fuller Baker Warner,FBW0747,43,45,35,25,28,10517,0.7073114888346926
Lee Lacey Velez,LLV0602,36,10,36,37,33,10487,0.8096055677927668
Chelsea Aspen Allen,CAA0612,20,41,32,42,31,9985,0.8073680619139484
Gray Mason Fulton,GMF0738,30,40,45,20,18,9981,0.7426893081200515
Risa Hillary Obrien,RHO0732,20,10,21,19,34,9580,0.7248214705035687
Axel Malik Rosa,AMR0318,45,50,17,25,21,9550,0.8798183351579938
Price Rashad Mullen,PRM0740,45,40,45,42,27,9458,0.7252723362616378
Cora Aurora Buckner,CAB0614,17,38,22,12,34,9375,0.7606778608488303
Guy Zeus Chandler,GZC0735,44,16,15,27,25,9241,0.7418109171792918
Robert Zeus Cox,RZC0746,15,38,33,43,26,9190,0.7375004925904552
Cassady Quincy Hampton,CQH0730,21,18,37,49,27,9104,0.7303141587898774
Barclay Eaton Hensley,BEH0615,24,20,50,22,26,8819,0.8597599701001645
Colin Stuart Holloway,CSH0626,33,17,41,18,23,8817,0.8303706038352713
Nichole Azalia Frye,NAF0326,33,15,25,20,30,8758,0.9276345243451902
Plato Ethan Valdez,PEV0323,47,34,40,22,29,8724,0.8543626662101846
William Beau Callahan,WBC0315,40,37,40,45,24,8455,0.8052199843286533
Josiah Preston Wall,JPW0741,40,38,44,30,33,8362,0.745161877664707
Kylie Elizabeth Santos,KES0729,20,10,24,45,31,7957,0.7537652505913804
Kenyon Chancellor Sharpe,KCS0173,39,20,50,20,30,7944,0.8491905381212308
Elton Zeus Horton,EZH0736,44,41,37,19,31,7902,0.7511524139541519
Natalie Sheila Santiago,NSS0876,26,20,25,42,31,7588,0.9104573316876617
Leo Chaney Daugherty,LCD0622,30,26,13,14,26,7502,0.9222749305814196
Vincent Calvin Young,VCY0751,37,24,39,19,25,7373,0.7498474694956335
Brianna Aretha Hopper,BAH0875,43,19,26,17,30,7314,0.8959913862093647
Jaquelyn Cassandra Roberson,JCR0172,43,41,41,39,31,7306,0.9062341363998658
Jonah Dakota Bird,JDB0169,20,14,23,48,33,7306,0.8212810506164095
Hadley Sonya Bowen,HSB0196,44,13,43,30,33,7302,0.7637954686453237
Martina Cassandra Fields,MCF0327,39,41,24,44,25,7280,0.8908625731450075
Rogan Chandler Coffey,RCC0617,33,50,13,12,27,7152,0.8699049710755947
Kay Janna Snider,KJS0618,19,15,20,10,37,7105,0.9237690664653023
Mona Susan Shannon,MSS0001,21,44,24,45,19,7066,0.8417289576788393
Harlan Jason Benjamin,HJB0742,41,40,16,21,30,6992,0.7033186629485925
Cullen Gary Adams,CGA0629,36,35,24,49,28,6950,0.8899343240319378
Connor Phelan Guerra,CPG0322,17,13,19,24,36,6853,0.8507738457410998
Kay Brynne Spears,KBS0874,23,39,37,33,29,6814,0.8379846503340823
Aquila Tanner Ellison,ATE0869,13,15,40,44,33,6809,0.852573515310033
Quail Rana Mclean,QRM0739,33,11,26,29,30,6805,0.7493045122230145
Malik Adrian Hebert,MAH0864,30,46,25,20,25,6765,0.9201510587435432
Ira Dustin Oneill,IDO0176,34,39,40,24,26,6690,0.891744018055549
Brielle Aubrey Marks,BAM0611,25,30,39,23,25,6690,0.902499067673897
Jael Jennifer Hansen,JJH0613,50,30,24,14,26,6643,0.8639737080697713
Lacota Hilda Lindsey,LHL0309,19,34,27,46,37,6636,0.8928856484786591
Isabella Marah Graham,IMG0320,37,14,12,24,23,6532,0.8831025508157618
Melyssa Deirdre Morgan,MDM0625,18,42,36,27,24,6528,0.8927427156049477
Arthur Jacob Raymond,AJR0319,40,13,37,16,24,6473,0.9119844608239599
Lionel Omar Fisher,LOF0311,41,15,36,10,32,6441,0.8962737446049114
Daryl Skyler Brock,DSB0731,26,15,40,43,30,6345,0.7528731208079863
Meghan Brianna Jensen,MBJ0312,22,45,49,12,26,6337,0.8569322429161711
Adam Ishmael Mcdaniel,AIM0627,36,39,16,41,23,6334,0.9045668847564854
Sylvia Velma Sweet,SVS0871,23,15,34,28,33,6171,0.8374755983773057
Fritz Dale Ellison,FDE0117,38,37,32,41,28,6093,0.7483030444522966
William Damian Oconnor,WDO0870,23,21,14,13,25,5892,0.8570712324813192
Melodie Chantale Joyce,MCJ0324,28,20,40,20,36,5788,0.9292870505046116
Gil Quincy Potter,GQP0743,47,39,19,39,25,5768,0.7634612870641552
Jonathan Orlando Marsh,JOM0750,35,46,25,40,29,5746,0.7677569115319696
Roary Ursa Massey,RUM0880,40,37,17,38,26,5725,0.8361737322779695
Grady Craig Coffey,GCC0744,35,42,15,25,31,5695,0.7463712767677105
Claire Olivia Martin,COM0321,38,18,34,18,27,5693,0.8354232923414013
Blair Bruno Grimes,BBG0325,41,50,30,37,40,5667,0.9200360843391058
Salvador Byron Norton,SBN0866,41,34,41,24,22,5646,0.8956893921919763
Meredith Lunea Delaney,MLD0755,24,18,19,43,37,5571,0.743814925235153
Urielle Jane Carter,UJC0737,16,12,12,38,25,5477,0.7530048872657709
Jana Amanda Dorsey,JAD0609,18,23,26,36,33,5468,0.906730866809855
Aurora Jael Hopkins,AJH0175,19,19,16,33,37,5455,0.9162011872403513
Raymond Gray Hyde,RGH0728,19,20,37,18,29,5441,0.7385990752349051
Martin Ivan Cooper,MIC0726,32,41,43,17,23,5390,0.7403306634054215
Vera Mollie Jenkins,VMJ0147,23,28,37,22,24,5367,0.8806831372741873
Keane Kennan Watts,KKW0879,36,42,21,31,27,5362,0.9290257237984657
Doris Mona Michael,DMM0623,36,27,21,39,30,5339,0.9168855853388885
August Armando Evans,AAE0190,36,30,14,50,29,5301,0.7625776600810683
Leila Tallulah Steele,LTS0860,48,20,29,20,31,5291,0.8889859424601317
Gail Rhiannon Mcconnell,GRM0868,21,25,20,13,28,5279,0.9142527761167374
Whoopi Britanney Camacho,WBC0192,47,36,39,39,27,5202,0.6925881357378841
Prescott Laith Harding,PLH0862,32,37,25,16,32,5202,0.835678435637126
Halee Keiko Rhodes,HKR0628,21,16,17,16,25,5066,0.8851312311529885
Mallory Alexis Daniel,MAD0753,50,30,36,41,33,5055,0.7563486571163248
Risa Lana Guthrie,RLG0856,18,36,42,18,26,4997,0.9248470048321965
Blaine Jelani Weeks,BJW0619,30,43,47,21,39,4920,0.9289433050062814
Quincy Preston Moses,QPM0727,43,40,18,34,34,4892,0.7595665252270104
Jocelyn Brenna Daniels,JBD0616,40,21,25,37,27,4883,0.9121097523388975
Teagan Hedy Romero,THR0873,37,44,21,40,38,4854,0.913958118622761
Candice Lunea Fischer,CLF0852,36,45,28,18,26,4838,0.8349658701793146
Malachi Thor Butler,MTB0620,38,44,41,50,28,4818,0.9195162944992935
Bianca Elizabeth Roach,BER0314,23,20,18,19,32,4794,0.8584993306709122
Felicia Sloane Cabrera,FSC0601,37,30,37,15,30,4786,0.902007759739092
Yasir Dexter Nelson,YDN0198,45,50,41,11,24,4769,0.8865032819803145
Jin Jonathan Buckley,JJB0127,26,21,38,30,32,4702,0.7500653413265982
Frances Hermione Owens,FHO0630,28,44,23,12,26,4669,0.8730023688066341
Clio Ocean Faulkner,COF0120,14,12,38,13,35,4607,0.7504010245878335
Hedy Delilah Lopez,HDL0748,25,13,46,41,25,4578,0.750812904510039
Josiah Chester Gray,JCG0316,47,36,32,25,33,4570,0.8769844630636363
Armand Jasper Nicholson,AJN0607,45,42,16,47,23,4559,0.9179314599890287
Halla Kendall Irwin,HKI0171,31,17,30,45,27,4540,0.9260642287389819
Zenaida Justine England,ZJE0857,35,34,36,38,31,4540,0.8907486207961764
Molly Sacha Zimmerman,MSZ0310,24,38,18,31,29,4540,0.8422167573827047
Myles August Heath,MAH0149,41,39,38,27,40,4538,0.9103458609717253
Samson Denton Oconnor,SDO0170,35,47,22,45,26,4532,0.8651023732691936
Tobias Dakota Jacobs,TDJ0998,34,40,10,42,36,4510,0.7506685397921515
Shana Callie Ferguson,SCF0608,35,18,42,42,36,4494,0.8654193339327572
Jeanette Cally Whitfield,JCW0858,14,35,22,41,39,4471,0.9044001645209582
Eden Merrill Stokes,EMS0317,15,21,44,10,31,4456,0.9184183352438153
Cora Jane Kinney,CJK0200,40,29,24,38,31,4396,0.9087877591917662
Isadora Jael Waters,IJW0851,21,10,10,18,34,4391,0.925550640104663
Callum Scott Parrish,CSP0197,37,44,17,13,26,4389,0.7554090061512277
Kathleen Aline Chan,KAC0124,33,14,30,18,33,4373,0.7522243312159002
Allegra Bree Coffey,ABC0174,15,41,34,13,32,4358,0.9000924928482662
Zeph Dakota Wilkerson,ZDW0859,39,45,26,41,32,4351,0.9283344135495946
Tallulah Liberty Kirby,TLK0993,41,36,40,35,22,4304,0.7502194254860863
Thor Jameson Diaz,TJD0996,34,22,42,16,32,4277,0.7510732117842334
Dennis Gray Wilson,DGW0752,40,46,20,40,14,4259,0.7243521557376892
Eugenia Whilemina Harrington,EWH0191,33,17,22,23,27,4239,0.771572121855647
Macon Kyle Pope,MKP0861,36,42,39,34,29,4232,0.9182822027224434
Florence Gloria Whitney,FGW0853,25,35,20,40,39,4212,0.9280935312905119
Tyler Eden Talley,TET0621,30,37,44,32,27,4179,0.9199356170920285
Daphne Ruby Reilly,DRR0242,39,19,40,41,33,4106,0.9253485780241811
Prescott Giacomo Conley,PGC0066,32,39,28,43,26,4034,0.9281382978844681
Maxwell Hammett Green,MHG0733,43,30,24,42,29,4032,0.7494478461068891
Jaden Kylan Buckley,JKB0126,43,24,19,33,28,4013,0.7480404223628638
Josephine Indira Garza,JIG0128,25,45,35,18,27,4003,0.7504831226727037
Galena Britanney Merritt,GBM0603,39,42,42,24,37,3998,0.8668844807480226
Emily Illana Perry,EIP0997,42,28,20,25,34,3949,0.7496103613357606
Wanda Samantha Rogers,WSR0241,35,27,15,25,29,3937,0.9074917186286972
Fulton Quinn Avery,FQA0854,41,38,30,34,26,3899,0.931157738179042
Leo Elmo Monroe,LEM0605,46,50,40,39,26,3846,0.8932127471588377
Upton Sebastian Holt,USH0199,44,39,46,36,25,3752,0.8661303805853443
Grant Tyrone Doyle,GTD0116,43,19,45,20,31,3658,0.8212813220157332
Arsenio Kato Wilder,AKW0167,38,38,20,14,35,3654,0.9044802366189785
Meredith Ainsley Wolf,MAW0166,44,16,21,17,34,3622,0.9310126538710615
Brian Nathaniel Greer,BNG0237,39,36,36,47,27,3617,0.9298237426392015
Lysandra Chastity Brennan,LCB0664,16,19,36,24,32,3550,0.7396806875880908
Nicholas Kato Pennington,NKP0236,45,41,19,40,31,3537,0.9212495110136365
Raymond Tate Osborne,RTO0313,44,45,25,17,27,3509,0.9112867031198492
Delilah Iliana Wilkinson,DIW0118,37,17,19,37,26,3490,0.8410444749656447
Chanda Celeste Mosley,CCM0855,31,24,19,36,29,3422,0.9255127654687487
Charde Cynthia Rasmussen,CCR0863,20,30,37,14,29,3409,0.9147363219996507
Katell Amethyst Thornton,KAT0489,22,41,36,23,26,3405,0.6614500222733813
Wynne Xyla Hartman,WXH0872,17,20,19,21,25,3362,0.9234460532587203
Tarik Odysseus Rivera,TOR0193,30,40,25,45,30,3361,0.7513690734811741
Sonya Beatrice Nichols,SBN0495,39,22,43,24,21,3357,0.7647849592607162
Nola Nerea Ayala,NNA0610,21,35,18,43,26,3351,0.9338438712383567
Sawyer Abel Turner,SAT0194,14,19,36,23,35,3303,0.7569385156767116
Hu Akeem Vincent,HAV0121,46,43,38,37,27,3299,0.7612450905727507
Blair Deborah Vaughn,BDV0168,45,31,19,21,31,3268,0.8428494893667641
Brianna Rebecca Mcintyre,BRM0995,20,11,32,26,40,3175,0.7522316081087379
Shelly Audra Ayala,SAA0999,20,17,34,11,36,3141,0.7507529759371495
Chanda Tamekah William,CTW0500,38,36,20,35,35,3086,0.6687000407305376
Donovan Garth Nieves,DGN0480,21,25,44,20,31,3023,0.7200138750311563
Vernon Samuel Sawyer,VSS0154,43,49,10,40,30,3013,0.928184109513374
Kimberley Kiona Sosa,KKS0119,15,28,39,33,27,3001,0.8100690861648899
Kermit Coby Oliver,KCO0122,30,32,26,38,33,3001,0.7740020840545032
Caleb Mason Ball,CMB0912,46,43,16,22,31,2998,0.7167072916690876
Lamar Francis Scott,LFS0071,48,31,14,17,25,2917,0.8823653247939637
Kessie Vielka Trevino,KVT0028,44,20,35,19,37,2913,0.6789585763243599
Kimberley Joy Anderson,KJA0152,16,16,39,38,34,2912,0.8976942489546129
Jocelyn Bree Mccray,JBM0350,37,21,12,45,25,2911,0.8142436098965524
Alea Maggie Whitfield,AMW0392,47,47,22,44,26,2905,0.7001683104757984
Vance Ira Alston,VIA0063,40,34,19,50,33,2893,0.8629081033851266
Chaim Chadwick Chang,CCC0393,35,30,40,16,26,2876,0.6742494545888477
Lucas Ahmed Ferrell,LAF0991,40,39,36,22,34,2834,0.7503512036187758
Anika Isabella Pennington,AIP0394,17,16,38,14,26,2831,0.6942661510567396
Yolanda Idona Crosby,YIC0195,18,49,19,40,31,2808,0.7570557759647226
Clinton Coby Wolfe,CCW0031,33,47,30,39,33,2782,0.8968197973808061
Kay Alexa Logan,KAL0395,13,24,22,28,29,2758,0.6852661414429838
Hashim Damon Dudley,HDD0789,44,39,30,10,29,2745,0.8898625898229126
Tobias Martin Ashley,TMA0069,33,38,42,14,33,2728,0.9135952117317159
Oren Clinton Sharpe,OCS0865,29,24,43,35,32,2685,0.9279044973301052
Aurelia Martina Reese,AMR0400,19,16,47,28,28,2677,0.6866270789118019
Harrison Oscar Burke,HOB0994,38,39,15,43,33,2676,0.7497890779312589
Libby Rosalyn Richard,LRR0148,21,19,14,14,29,2656,0.8608602394090282
Hasad Paki Mcfadden,HPM0986,41,36,38,23,24,2650,0.6291011030161459
Tiger Tucker Dawson,TTD1000,34,34,24,40,29,2644,0.7488845246877621
Felicia Rhona Butler,FRB0023,45,14,12,14,14,2636,0.7441865544847334
Hillary Ainsley Mccormick,HAM0985,20,17,29,16,20,2629,0.7715057724184807
Eve Isadora Mckenzie,EIM0156,19,31,43,45,33,2622,0.8201202637619105
Amaya Britanni Newton,ABN0239,21,37,20,39,25,2618,0.9284544669172647
Stephanie Briar Harrington,SBH0537,34,21,14,13,33,2555,0.8911930636463494
Burke Rooney Stafford,BRS0734,32,39,47,10,30,2546,0.7545633663904294
Ingrid Irene Atkins,IIA0092,39,30,42,14,27,2531,0.7737858190854378
Dolan Igor Cortez,DIC0988,44,30,23,21,32,2526,0.6513138924685732
Sawyer Arden Puckett,SAP0867,13,25,43,19,30,2508,0.8946229586239581
Rebecca Kelsie Daugherty,RKD0604,17,46,36,38,31,2434,0.9002910773707328
Hector Vance Foster,HVF0067,44,35,22,43,41,2420,0.926755789079306
Axel Donovan Compton,ADC0391,50,43,40,33,38,2347,0.7208816204172924
Bertha Yetta Parrish,BYP0070,30,19,41,21,33,2334,0.9088823774112375
Cedric Herrod Gilliam,CHG0146,40,20,39,19,35,2333,0.8327934060118308
Winter Veda Burks,WVB0539,43,16,18,42,31,2331,0.8346900831333673
Eaton Burton Crane,EBC0390,40,40,40,22,33,2331,0.7683757452580762
Rachel Hermione Le,RHL0992,36,10,39,37,36,2320,0.760211647326278
Jeanette Eliana Rivera,JER0404,38,46,18,16,30,2249,0.6934241493592321
Camilla Camille Leach,CCL0068,13,16,23,19,23,2227,0.9263750961675312
Lamar Nissim Strickland,LNS0989,34,38,45,30,31,2224,0.6752597539065008
Courtney Brynn Garrett,CBG0398,40,21,41,10,24,2210,0.7346471230538995
Montana Hannah Arnold,MHA0798,11,27,17,22,40,2205,0.8063526177170334
Ulric Ferdinand Knapp,UFK0208,18,34,22,23,30,2181,0.7232304587454522
Brynn Madeline Sherman,BMS0877,31,50,11,43,33,2150,0.9275876771236706
Leslie Briar Fields,LBF0214,18,44,18,38,28,2133,0.7703199307458468
Quynn Odessa Sanford,QOS0878,18,12,20,16,29,2123,0.8605498319659464
Francis Brian Armstrong,FBA0348,41,44,40,36,27,2111,0.7434111462029196
Raphael Benjamin Bryan,RBB0485,40,40,35,30,26,2098,0.6486510309157759
Ashely Sarah Shields,ASS0206,12,18,20,28,30,2097,0.7012461348277288
Roary Jane Barrett,RJB0088,20,42,37,45,24,2080,0.6667290301044774
Oscar Laith Berger,OLB0749,43,35,20,39,36,2051,0.7295530935783625
Yardley Cairo Elliott,YCE0983,39,21,42,30,36,2038,0.6627050478240143
Leonard Malachi Floyd,LMF0980,42,45,12,44,35,2031,0.6657099637255007
John Omar Lancaster,JOL0024,50,40,24,21,29,2018,0.6279674725527404
Hyatt Trevor Hayes,HTH0007,37,38,41,20,36,2007,0.840131823091992
Tara Dai Stevenson,TDS0984,39,39,15,40,38,2003,0.6287825788561291
Halla Cathleen Simmons,HCS0003,35,28,14,15,30,1980,0.681500541116795
Adena Lisandra Hardin,ALH0402,43,23,43,46,32,1977,0.6855722678076042
Justin Xerxes Hansen,JXH0493,36,32,23,15,31,1976,0.7082943195842487
Isabelle Maggie Benjamin,IMB0481,19,41,38,43,38,1958,0.7617032143021505
Nathan Kenneth Hicks,NKH0979,30,39,42,22,35,1893,0.6417269668069642
Raven Deirdre Morrison,RDM0150,39,15,37,26,30,1881,0.9174218306123909
Blaze Trevor Stone,BTS0011,25,42,16,25,29,1873,0.7877803673738683
Jarrod Malik Burris,JMB0308,41,44,34,14,32,1853,0.9295983921263654
Ferris Stone Bender,FSB0399,23,22,15,37,26,1837,0.7029544158226837
Ivor Kenneth Rollins,IKR0401,40,42,24,16,29,1825,0.7136407928093295
Mallory Charissa Dixon,MCD0125,36,26,50,22,23,1822,0.7495115805364999
Mallory Carol Spence,MCS0035,42,17,38,15,33,1808,0.7393475716442016
Amaya Iola Sawyer,AIS0405,40,45,14,37,35,1807,0.730425537594256
Althea Ina Palmer,AIP0982,43,20,43,41,33,1798,0.6403682829934265
Hedda Grace Gordon,HGG0240,20,26,24,36,31,1782,0.9294507141127955
Nigel Addison Rios,NAR0981,39,39,16,50,36,1755,0.67707860405459
Medge Serina Obrien,MSO0222,32,12,39,46,28,1740,0.7685674307429768
Kareem Porter Collins,KPC0073,44,30,11,16,23,1733,0.9148926581243804
Bert Jason Henderson,BJH0354,22,21,31,20,36,1725,0.9303920973278733
Diana Leigh Hays,DLH0029,36,26,38,18,31,1705,0.6477065471233573
Garrett Omar Kelly,GOK0238,33,43,27,40,33,1700,0.9264105979594158
Colt Walter Reynolds,CWR0502,41,49,25,45,27,1697,0.6739378457223777
Reuben Victor Freeman,RVF0201,36,32,38,29,28,1683,0.683180663099119
Samson Jeremy Ortega,SJO0209,39,45,18,39,35,1681,0.7706342233766594
Baxter William Price,BWP0202,20,36,15,25,28,1657,0.8070330165081664
Lacota Helen Nash,LHN0151,13,15,19,32,26,1647,0.9296845462400657
Sharon Britanni Kerr,SBK0161,14,27,23,41,39,1636,0.7905114968600051
Kaye Brianna Blair,KBB0189,49,23,16,33,30,1634,0.6387529966536546
Gay Ria Cantu,GRC0145,30,43,24,46,27,1625,0.809027569631137
Keane Nicholas Blevins,KNB0022,22,38,45,16,30,1616,0.627886437716774
Ainsley MacKensie Doyle,AMD0077,23,19,12,25,25,1613,0.7750394456469476
Kirk Palmer Rosales,KPR0497,50,43,43,20,29,1601,0.6392294290173078
Beck Troy Richards,BTR0403,47,47,21,17,28,1592,0.7002656621596677
Alfonso Colin Cooley,ACC0042,23,19,37,20,31,1563,0.7516584883841959
Lenore Piper Cardenas,LPC0492,30,23,22,30,26,1558,0.7032383527362369
Ariana Doris Frazier,ADF0397,39,16,10,40,35,1556,0.6927208499088123
Hadassah Riley Baker,HRB0351,19,12,43,42,36,1541,0.7328503110933859
Rashad August Hatfield,RAH0440,18,15,43,16,24,1537,0.8154821059155043
Anastasia Sage Griffith,ASG0692,26,40,41,23,27,1513,0.7727511966118782
Geoffrey Jin Tucker,GJT0386,24,13,49,34,26,1512,0.9192464841158562
Nicolas Alvin Fitzpatrick,NAF0033,34,40,19,35,29,1504,0.8110680747739997
Camille Julie Freeman,CJF0802,36,39,38,43,21,1485,0.8476265322843969
Mallory Virginia Bender,MVB0515,38,14,33,31,28,1445,0.9264113322260803
Meredith Pamela Tanner,MPT0376,19,37,41,48,35,1429,0.8538477096107299
Donovan Carlos Chapman,DCC0160,36,39,33,42,27,1427,0.7683512530124078
Lani Dai Beard,LDB0090,40,14,39,41,34,1411,0.6872989555620794
Sara Gail George,SGG0787,14,27,10,20,31,1393,0.8712379810388626
Charity Stacey Jennings,CSJ0340,45,24,19,38,25,1370,0.8374378459558722
Fitzgerald Len Merrill,FLM0213,20,41,46,15,24,1363,0.8041386301859865
Sarah Susan Jarvis,SSJ0784,19,39,12,45,34,1356,0.9700579914975925
Benjamin Ignatius Hooper,BIH0745,43,39,50,27,25,1338,0.7278452427465353
Vincent Craig Cunningham,VCC0396,21,45,16,37,23,1331,0.7030291097755815
Sybill Grace Mckay,SGM0021,41,12,26,41,33,1315,0.7203681394828833
Melissa Ava Stuart,MAS0025,23,14,20,21,23,1305,0.6851152670605786
Casey Xerxes Conrad,CXC0336,23,19,34,35,34,1297,0.9627686185133835
Casey Edward Joyce,CEJ0109,21,46,17,17,32,1291,0.8347729521214713
Nadine Gay Cross,NGC0058,44,45,39,15,27,1276,0.8904936430258845
Louis Hyatt Bruce,LHB0606,37,38,15,27,27,1258,0.8728922468611303
Noelani Wynter Kennedy,NWK0215,21,19,45,18,24,1245,0.8158103342043972
Caleb Jonas Chang,CJC0494,40,39,39,42,42,1243,0.6636122150040776
Vivian Sarah Arnold,VSA0230,47,15,25,14,29,1237,0.80244595412935
Sonia Karly Goodwin,SKG0759,22,15,43,41,26,1227,0.9396756069509992
Byron Tyrone Williamson,BTW0005,33,39,18,18,27,1213,0.7712836546548557
Kirby Ruby Lyons,KRL0501,18,27,23,28,26,1186,0.7325441746612993
Lynn Adena Pratt,LAP0338,42,23,33,45,31,1186,0.8384541639374754
Orla Yolanda Middleton,OYM0026,23,26,18,36,28,1173,0.8511935330932605
Xander Walter Doyle,XWD0923,16,38,45,20,31,1154,0.8503166805022009
Stephanie Mary Whitehead,SMW0084,20,37,39,48,27,1149,0.7712383552018091
Christine Reagan Deleon,CRD0624,26,22,17,39,32,1140,0.827093083014807
Orson Barrett Houston,OBH0499,35,18,41,16,34,1129,0.7748214515744529
Todd Vance Spears,TVS0050,40,38,18,30,29,1119,0.7048908211652678
Dylan Tiger Terry,DTT0076,42,16,34,24,28,1117,0.7175865888400339
Ethan Perry Wiggins,EPW0434,32,36,38,22,33,1098,0.8954250521812994
Kendall Ciaran Frank,KCF0045,40,39,16,27,31,1081,0.7792585414026644
Maxwell Dante Hutchinson,MDH0686,37,43,31,20,38,1075,0.834818183182326
Stephanie Victoria Lyons,SVL0803,27,35,20,36,32,1074,0.8232708275526858
Alden Caesar Velez,ACV0812,42,37,12,45,28,1068,0.7812125757404803
Edan Marsden Briggs,EMB0531,31,41,31,36,36,1068,0.8762828342160631
Leah Idola Moran,LIM0674,18,13,35,49,20,1055,0.6554422124385066
Azalia Halee Cantu,AHC0142,34,23,40,15,26,1044,0.8239305019355567
Bruce Eden Clemons,BEC0505,35,21,30,19,32,1042,0.7429655261340306
Kirby Bo Pollard,KBP0008,23,18,40,11,34,1034,0.6899034075835423
Daria Felicia Rowland,DFR0218,45,14,22,37,27,1008,0.8209352596375643
Gage Kaden Odonnell,GKO0078,44,46,21,24,29,1006,0.735457959031117
Walter Kaseem Foley,WKF0012,37,44,20,45,23,998,0.6709944049874597
Robert Samuel Chen,RSC0089,41,26,35,21,29,996,0.9037513985883547
Damian Omar Le,DOL0332,32,40,41,18,24,994,0.9706817055915045
Akeem Quamar Davenport,AQD0820,41,31,27,24,39,992,0.8051625251646515
Illana Yvette Bradshaw,IYB0918,17,21,42,14,30,991,0.9565633346802713
Charissa Nyssa Mcgee,CNM0800,32,11,40,38,24,989,0.7684514293036926
Dale Benjamin Sharpe,DBS0235,30,38,18,37,33,988,0.8286888047309161
Dexter Jamal Simon,DJS0682,22,23,36,13,30,985,0.7852309870574605
Pearl Georgia Owen,PGO0433,44,40,19,46,35,982,0.7618861602058646
Rose Hanae Yates,RHY0079,20,19,14,21,26,980,0.8599156199207468
Noah Nathan Shaffer,NNS0059,42,23,48,23,25,980,0.8588564967201636
Cora Maisie Mclean,CMM0487,39,22,42,40,30,969,0.8702988690015028
Jonah Merritt Wilder,JMW0638,43,21,30,18,30,968,0.9697648499437727
Tobias Lucas Morin,TLM0797,43,42,34,23,36,963,0.820976168937697
Sean Omar Burgess,SOB0360,42,22,40,16,32,963,0.9273952700189487
Jakeem Magee Knight,JMK0099,40,37,41,41,25,950,0.8665224141847142
William Price Robles,WPR0368,48,34,40,17,31,950,0.913033323911918
Xander Aaron Acevedo,XAA0104,41,40,14,38,42,949,0.8944610610918646
Thomas Shad Guthrie,TSG0906,41,21,40,28,28,946,0.9769642964178956
Benjamin Lewis Sweeney,BLS0678,35,17,43,28,31,941,0.7604113409647753
Nicole Aurelia Hanson,NAH0503,33,17,23,35,38,938,0.6656960751014803
Sophia Cora Battle,SCB0534,20,18,35,22,29,936,0.8373563527797387
Dominic Howard Mcconnell,DHM0937,43,22,21,15,24,936,0.7554955306625479
Joseph Raja Gaines,JRG0207,42,37,40,21,27,930,0.8388123210076647
Xenos Rudyard Small,XRS0633,34,39,39,40,23,927,0.9762375646737673
Irma Eugenia Booker,IEB0153,44,25,39,24,36,924,0.9176285034099206
Meghan Phoebe Macias,MPM0220,35,20,42,22,20,922,0.7237250340667771
Hayes Drake Stephenson,HDS0367,50,42,16,30,19,921,0.7908175544963771
MacKenzie Kristen Stewart,MKS0204,21,30,21,16,31,916,0.7686531524382236
Kermit Beau Leach,KBL0260,16,15,48,16,32,915,0.8126530331733853
Aurora Tatiana Payne,ATP0662,17,16,41,20,39,915,0.9303771328281415
Catherine Savannah Bullock,CSB0080,35,19,39,34,36,914,0.8173861833787992
Jane Maite Dotson,JMD0520,21,45,16,38,29,899,0.9765280663297642
Hollee Vanna Becker,HVB0037,17,42,41,44,26,899,0.8280039770462866
Xerxes Howard Wilcox,XHW0498,37,47,48,23,35,889,0.763192824494009
Hayley Carolyn Cunningham,HCC0344,25,11,41,26,22,875,0.9492517803162014
Kasimir Nehru Galloway,KNG0672,21,40,18,20,27,871,0.8477994758592408
Jane Zia Day,JZD0888,20,20,30,14,30,864,0.9343568859879284
Nichole Melodie Gilbert,NMG0766,16,23,42,40,31,858,0.9157650153611839
Ayanna Sylvia Blankenship,ASB0796,30,40,23,38,34,857,0.8566691776147519
Martin Armand Douglas,MAD0496,34,30,40,42,24,857,0.6959667403340732
Hayes William Wheeler,HWW0436,45,37,23,27,33,853,0.8111599390071776
Erich Harding Bryant,EHB0420,45,42,38,17,20,849,0.7300494802706662
Hedwig Dai Duffy,HDD0806,47,28,36,19,38,840,0.8067105687999933
Elton Tyler Richard,ETR0428,36,21,40,20,20,839,0.8216269989569539
Tasha Quail Sanchez,TQS0212,14,42,45,20,27,834,0.6946065669255743
John Price Atkins,JPA0667,49,42,34,35,27,830,0.7776919494454076
Nell Mari Schneider,NMS0280,39,42,26,37,27,828,0.8917362131925042
Kaden Chastity Briggs,KCB0815,16,40,18,36,31,826,0.7495816581415263
Nehru Wyatt Tate,NWT0098,35,39,26,36,33,824,0.6882772897410843
Roth Mannix Simon,RMS0266,33,40,25,23,37,816,0.7101269552832391
Garrison Levi Rollins,GLR0975,33,44,26,24,24,816,0.7712898789812341
Lyle Brady Hayes,LBH0942,40,42,23,30,29,815,0.7663529061300123
Deborah Victoria Mcclure,DVM0265,47,40,10,24,31,809,0.7686898428810777
Shea Jane Franks,SJF0094,35,19,16,44,30,808,0.8047055389268041
Nicolas Kadeem Hayden,NKH0807,45,44,40,22,20,796,0.7829737242515074
Cecilia Freya Morgan,CFM0767,46,23,22,35,29,790,0.9406514594123637
Axel Seth Lewis,ASL0378,15,15,41,21,27,787,0.7693755918223514
Ferris Omar Barry,FOB0756,42,41,34,20,27,783,0.9250430332524862
William Aladdin Bennett,WAB0143,43,43,24,22,33,783,0.789976799775766
Ivor Amir Tucker,IAT0263,28,23,30,30,27,782,0.7756925827896569
Philip Travis Hartman,PTH0552,20,13,32,20,28,782,0.8902699900621065
Clayton Clark Humphrey,CCH0182,42,44,47,23,29,781,0.9240124946096533
Daryl Ocean Patel,DOP0562,42,16,37,39,31,779,0.7577480813784279
Gisela Quintessa Fischer,GQF0659,40,16,30,29,28,776,0.8094220729281194
Frances Alisa Wiggins,FAW0032,43,24,17,37,37,775,0.76991344773823
Dean Lester Figueroa,DLF0377,39,35,19,27,34,775,0.958220378367894
Claudia Galena Baldwin,CGB0637,20,20,15,20,29,772,0.9463582750355907
Bethany Stephanie Haynes,BSH0445,38,22,30,15,21,765,0.8003957599566213
Meredith Florence Valdez,MFV0897,18,13,23,25,33,763,0.8466419131372884
Cyrus Connor Atkinson,CCA0046,36,43,25,15,28,762,0.6195966677368042
Hyacinth Clare Lindsay,HCL0113,43,22,40,39,34,761,0.8243189134131383
Ferdinand Rashad Lee,FRL0511,20,30,47,20,30,756,0.9884740519099126
Castor Mark Wolf,CMW0783,21,35,14,16,26,755,0.9376753119604476
Scarlet Pearl Ashley,SPA0141,43,22,10,21,29,755,0.7698582646427321
Alexa Nadine Poole,ANP0555,13,40,42,23,28,751,0.8512161944833289
Jared Cameron Rosa,JCR0770,40,47,24,21,27,748,0.6829123067351335
Harper Price Harris,HPH0075,40,42,48,25,28,747,0.7738211602851137
Colton Kaseem Bolton,CKB0482,36,48,37,46,25,739,0.6601262089189934
Jack Carlos Cannon,JCC0225,47,45,40,15,18,738,0.8927024820916852
Merritt Oliver Phelps,MOP0763,43,41,22,20,33,729,0.9685190664152473
Blossom Scarlett Aguirre,BSA0431,50,41,19,40,29,726,0.7861904099634102
Salvador Herman Raymond,SHR0334,36,41,45,19,31,724,0.6400052629252028
Xandra Briar Nielsen,XBN0229,34,16,17,40,29,723,0.7925512514805212
Kennedy Shad Parker,KSP0357,41,40,29,19,24,722,0.7476335488117571
Oren Curran Brady,OCB0805,37,33,42,16,18,715,0.9154749649104698
Sasha Britanney Quinn,SBQ0786,41,17,19,44,34,714,0.6738234317128684
Amaya Noelle Terrell,ANT0430,12,19,23,48,31,713,0.7871630891262563
Tarik Linus Hubbard,TLH0648,32,35,18,24,26,710,0.9681935694542165
Ursula Idona Richard,UIR0043,19,37,23,38,32,708,0.7671529672381945
Uriel Charles Solomon,UCS0227,22,32,41,35,34,708,0.865477617961091
Fatima Ulla Mcclure,FUM0015,33,18,18,46,32,707,0.7767593421427981
Amena Karyn Christian,AKC0924,40,44,35,37,27,683,0.7685245622285078
Patricia Emily Salazar,PES0085,35,24,18,30,22,668,0.9120522386897932
Heather Fredericka Baird,HFB0347,34,20,30,30,27,665,0.9752516957078666
Ayanna Leandra Dunlap,ALD0544,16,18,18,13,32,664,0.7725073315808418
Kirby Amity Tyson,KAT0270,21,24,39,23,27,661,0.7689683582527036
Idola Lana Jarvis,ILJ0526,33,50,23,46,25,658,0.9612720992290424
Dane Davis Atkins,DDA0476,36,25,39,13,39,658,0.656252848138632
Colt Ishmael Mccall,CIM0271,24,27,10,20,38,658,0.7697708650587098
Elton Jonas Williamson,EJW0884,46,20,32,26,31,653,0.8848611012044482
Alden Jesse Day,AJD0074,19,37,45,22,34,652,0.6604771597032488
Nigel Gareth Ochoa,NGO0690,43,41,41,17,24,649,0.890836231959357
Eaton Samuel Jennings,ESJ0670,42,31,15,40,24,645,0.908360916261259
Carla Amelia Shannon,CAS0507,14,46,33,11,25,645,0.8182863501532324
Quintessa Shana Vance,QSV0778,17,23,36,35,33,645,0.8876882892594872
Harper Basil Obrien,HBO0413,41,35,18,15,18,645,0.8388147792482982
Ria Neve Flores,RNF0765,41,22,37,41,25,640,0.972530158598067
Rhonda Rhona Parsons,RRP0568,43,50,38,18,33,638,0.782399628635708
Hashim Damon Hebert,HDH0928,40,36,20,40,26,635,0.9553301989205596
Joseph Alan Vaughan,JAV0361,36,45,40,45,33,634,0.7728464179977296
Skyler Deborah Frazier,SDF0017,11,40,39,18,30,632,0.772907593955998
Alec Mannix Mcneil,AMM0014,48,38,15,44,36,628,0.6886493999149084
Flynn Malcolm Gibson,FMG0527,43,38,35,38,28,628,0.8875598525178635
Sonya Samantha Hahn,SSH0799,23,18,31,31,40,623,0.7436171128962589
Willa Giselle Stanton,WGS0516,11,20,39,20,29,621,0.8895334436830254
Serina Ariana Butler,SAB0781,36,35,24,30,28,621,0.9848079925774661
Oliver Logan Fowler,OLF0504,41,43,20,41,31,618,0.6938956818084888
Thaddeus Emery Martin,TEM0093,28,24,45,14,30,609,0.7765545450432755
Colin Evan Brown,CEB0210,42,24,44,23,34,603,0.782878162278581
Hadassah Leah Harris,HLH0512,15,42,36,22,32,602,0.9722607607844648
Leslie Cassandra Colon,LCC0819,32,14,11,15,27,598,0.7539752221965591
Tara Echo Myers,TEM0977,22,19,40,45,29,597,0.7695997366008619
Bruno Donovan Ingram,BDI0533,37,36,15,41,19,597,0.9138003200589002
Veda Martina Jacobson,VMJ0546,20,37,29,39,26,595,0.8395792300074694
Tana Sonya Moody,TSM0927,33,21,10,37,26,594,0.7702848977603496
Summer Leilani Boyer,SLB0049,14,27,16,22,20,589,0.7046825625108976
Rogan Reuben Alexander,RRA0938,35,36,21,38,29,584,0.7758267778430175
Hanae Wendy Meyer,HWM0342,45,44,41,39,34,582,0.9111681628867906
Hadley Leandra May,HLM0933,36,24,23,43,30,580,0.7724933968399359
Jermaine Mannix Hansen,JMH0543,44,25,37,13,34,580,0.7753688972344054
Katell Jasmine Wiggins,KJW0416,50,46,39,41,30,575,0.7755421554981705
Colorado John Valentine,CJV0286,18,14,17,13,26,575,0.9201115813624623
Cole Aaron Mcfarland,CAM0681,41,43,45,10,28,574,0.7713045377311443
Aquila Mark Vega,AMV0036,43,36,42,37,26,573,0.7807119204995948
Nissim Rafael Delacruz,NRD0548,41,37,41,15,31,573,0.9132049830282569
Lacey Nomlanga Rasmussen,LNR0656,25,39,12,30,23,572,0.8302508114186856
Patience Audrey Douglas,PAD0773,36,21,14,16,38,571,0.9036063080868889
Aline Iris Hurst,AIH0675,25,39,38,40,37,565,0.7157273418276306
Grace Charde Roth,GCR0554,16,16,41,23,37,562,0.7685566028929569
Kendall Thaddeus Glover,KTG0091,46,41,16,15,29,558,0.7988853043397859
Quemby Nita Pollard,QNP0216,19,35,39,26,34,556,0.7815063225570034
Brock Aladdin Joyce,BAJ0654,36,10,47,10,41,556,0.9813488515481088
Nora Regina Oconnor,NRO0768,18,18,41,25,36,555,0.9765651644195292
Cameron Noel Elliott,CNE0352,39,22,44,15,30,550,0.6828538232243734
Edan Ciaran Larson,ECL0930,28,24,40,18,29,548,0.7436323873183746
Justine Nola Adkins,JNA0559,10,10,41,10,31,548,0.6788121665819755
Keely Mollie Weiss,KMW0545,19,16,18,23,32,548,0.8848917062068958
Ignatius Reese Morton,IRM0931,44,46,33,35,30,543,0.7244014782668015
Cathleen Kelsey Burke,CKB0427,38,38,36,43,37,542,0.6970394149345516
Steel Orson Fields,SOF0808,45,40,38,22,27,541,0.8276396935458699
Kylie Brielle Greer,KBG0549,16,19,37,10,32,539,0.7868339594672086
Roth Hu Conner,RHC0335,36,35,40,46,25,538,0.9582308752614144
Guy Tad Daniel,GTD0898,23,23,39,15,29,537,0.8874288509569237
Cora Clementine Higgins,CCH0685,47,24,42,34,29,528,0.8325588794348544
Alfonso Gage Blankenship,AGB0186,18,10,41,15,35,525,0.9249466490377282
Sydnee Leilani Parsons,SLP0762,26,13,40,18,26,522,0.8759994602250057
Stuart Nicolas Cervantes,SNC0187,40,41,42,30,27,517,0.9711818110056788
Alec Scott Goff,ASG0048,41,36,19,24,37,515,0.7707392615373326
Bell Jorden Martinez,BJM0111,22,24,39,41,19,515,0.8724845343960552
Sasha Rina Huffman,SRH0155,34,14,37,45,28,514,0.7687412480721982
Hilel Tobias Flynn,HTF0641,38,24,18,22,28,513,0.8109537694474581
Demetrius Barry Bullock,DBB0384,40,41,28,37,27,512,0.8336297696542896
Xenos Hayden Gallegos,XHG0902,44,35,23,47,14,511,0.9307757458700369
Samuel Eden James,SEJ0677,44,39,23,36,25,511,0.8937739290916278
Chastity Ima Gibson,CIG0052,17,45,17,16,24,508,0.770870537549525
Preston Plato Fischer,PPF0435,42,17,48,24,27,507,0.7514260666215183
Deborah Barbara White,DBW0483,17,16,25,21,37,505,0.7694612696228762
Erich Malik Wolf,EMW0105,35,40,17,41,34,504,0.9258179816618943
Cleo Jeanette Morales,CJM0521,13,18,37,18,24,504,0.7683757452580872
Garrett Nicholas Solomon,GNS0178,30,17,42,26,33,501,0.8901336506201204
Patricia Denise Wright,PDW0259,43,32,38,36,33,499,0.7483159091780205
Reed Chaim Perkins,RCP0785,42,38,43,30,32,499,0.9143122761990999
Igor Ulric Yang,IUY0279,38,38,17,21,29,497,0.7831371877744949
Keegan Marvin Benson,KMB0922,43,43,17,24,27,497,0.8281178379340713
Charity Uta Daniels,CUD0795,12,40,30,44,24,497,0.8226064903629647
Wing Noah Bonner,WNB0908,38,38,38,22,23,495,0.8528014966603421
Keiko Naida Webb,KNW0644,15,20,23,15,25,495,0.9160697146647184
Zachary Myles Cardenas,ZMC0284,42,33,41,30,31,490,0.7684794615752271
Kim Dara Sullivan,KDS0349,18,23,20,32,29,487,0.774494751606016
Blaze Jakeem Hahn,BJH0811,48,39,44,14,40,486,0.7710203622191099
Cathleen Samantha Craig,CSC0217,40,15,30,38,28,485,0.8276116554781139
Stewart Dale Berger,SDB0106,35,46,26,27,37,484,0.7551365135856876
Robert Ali Webb,RAW0915,43,50,21,43,24,484,0.8704550962155548
Noble Merrill Fuller,NMF0780,44,38,36,20,34,482,0.9685892311945841
Ryan Kelly Frost,RKF0164,40,42,17,18,42,481,0.8258578207512337
Hector Abraham Hayes,HAH0248,33,43,22,18,29,480,0.7759762771319632
Zorita Jaime Spears,ZJS0269,30,34,16,35,27,474,0.9614325359359388
Chaim Grant Fernandez,CGF0337,32,30,43,15,31,473,0.9513235399924181
Kai Wynne Craft,KWC0004,23,38,39,20,27,473,0.7491176734473365
Nyssa Britanney Carver,NBC0412,14,25,18,18,31,471,0.7134569387945211
Blaine Helen Cervantes,BHC0665,14,21,12,12,32,471,0.7966075613470815
Jolene Frances Carey,JFC0757,31,21,38,36,38,471,0.9267097256015457
Nehru Cyrus Everett,NCE0097,48,36,20,11,35,467,0.7983247872731035
Yasir Wade Wilcox,YWW0660,39,35,37,10,36,467,0.9091034387323307
Steel Solomon Garrison,SSG0250,35,40,20,36,25,465,0.7692169332753932
Wade Ira Frazier,WIF0691,33,39,37,30,24,464,0.8608244433328651
Nathaniel Hunter Heath,NHH0185,41,43,19,21,33,460,0.9594986118231855
Harrison Samuel Gonzales,HSG0818,18,19,48,36,31,459,0.7859032738213436
Alea Tana Ferrell,ATF0274,20,45,48,27,28,459,0.7855108475449598
Octavius Judah Kirby,OJK0233,40,36,14,22,33,457,0.7785672462137903
Armand Gabriel Brewer,AGB0643,32,39,20,44,27,454,0.9163653861136953
Jared Geoffrey Morin,JGM0934,30,22,41,22,31,452,0.779779771909049
William Trevor Fuentes,WTF0387,40,23,40,25,24,452,0.862948767062714
Randall Hashim Palmer,RHP0484,35,37,24,16,31,451,0.8829862210303498
Rhona Germane Nelson,RGN0408,11,21,22,22,32,450,0.7813305701679967
Farrah Kim Keith,FKK0055,46,16,37,16,27,448,0.8982329069347513
Declan Lester Moss,DLM0051,37,37,17,20,35,448,0.7240080570965736
Calvin Edan Love,CEL0561,40,39,36,19,40,448,0.6451030748774976
Bernard Tobias Landry,BTL0226,36,44,37,38,31,447,0.79826444881786
Nicholas Cade Owen,NCO0666,40,45,10,12,31,447,0.7681393959589331
Chloe Keiko Holland,CKH0144,34,22,22,35,30,447,0.956407793661703
Rama Vielka Clayton,RVC0232,34,20,47,38,25,444,0.9696122328798056
Blossom Keiko Weiss,BKW0374,41,38,17,46,27,442,0.7712301531963958
Raymond Otto Bond,ROB0272,39,45,23,41,34,440,0.6963482382298334
Astra Nicole Maldonado,ANM0123,22,15,16,21,26,438,0.7488017459397918
Nina Camille Hodges,NCH0179,17,12,40,17,25,437,0.7670117409660792
Sybill Sage Shaw,SSS0345,40,21,38,16,20,435,0.770715177944851
Logan Branden Cherry,LBC0356,40,30,40,21,41,435,0.7013186945829041
Francis Kane Buckner,FKB0163,39,35,25,39,22,433,0.8056681156009611
Fay Ingrid Rodriquez,FIR0920,40,11,44,20,27,432,0.7683757452580877
Judith Shaeleigh Hayden,JSH0330,20,16,23,24,28,432,0.9230652928579735
Indira Jocelyn Mack,IJM0776,41,35,19,41,32,430,0.9443009880789056
Declan Gareth Mclaughlin,DGM0754,42,18,42,24,24,430,0.7534763400945979
Gil Calvin Lindsay,GCL0016,45,32,20,24,34,424,0.7712387453803795
Hakeem Arden Curry,HAC0282,37,32,38,12,28,421,0.7726622177271535
Aurora Katell Rhodes,AKR0057,50,41,20,18,30,421,0.8031645046235566
Hayden Bernard Benson,HBB0056,37,33,30,21,27,418,0.88141075120656
Cheyenne Kay Dickerson,CKD0680,18,50,24,18,28,417,0.7792487899111681
Whilemina Liberty Velez,WLV0566,10,19,38,24,39,409,0.7698474219516729
Ulric Colt Holt,UCH0519,33,40,20,47,28,401,0.9888365289470785
Lillith Adena Matthews,LAM0911,42,43,27,38,22,400,0.7789080394922148
Macon Joseph Morrison,MJM0510,32,33,22,18,39,400,0.9791094328620373
Jonathan Gary Terry,JGT0221,45,30,16,40,18,400,0.8145385746679261
Sage Nichole Savage,SNS0129,26,10,43,35,30,399,0.7753714966172837
Igor Ishmael Ward,IIW0249,39,36,43,38,28,398,0.8263697154909382
Dalton Perry Mejia,DPM0423,37,38,38,15,27,396,0.7700787832206171
Sigourney Xandra Maddox,SXM0895,14,18,15,33,25,396,0.9488616161534265
Owen Len Wheeler,OLW0689,22,25,40,35,27,395,0.7641919028516171
Evelyn Nevada Curtis,ENC0234,21,23,32,19,23,392,0.8154617328749098
Rogan Judah Mcintyre,RJM0381,41,47,44,41,25,392,0.7688136423774434
Renee Ivana Hayden,RIH0777,26,44,19,16,27,388,0.9365234786718828
Howard Raphael Weiss,HRW0550,38,34,24,22,28,385,0.901470915659102
Luke Jacob Talley,LJT0817,39,43,38,39,24,385,0.7878294445997849
Alice Orli Stout,AOS0987,16,32,40,30,27,384,0.8275313327012257
Ali Murphy Hurley,AMH0794,43,42,33,40,31,384,0.7697146486469689
Leilani Quail Callahan,LQC0479,27,38,34,17,36,382,0.7155677501093992
Nissim Gil French,NGF0157,45,38,22,46,32,380,0.8588948320511424
Curran Tarik Ayala,CTA0020,36,50,11,22,34,379,0.730305791216232
Jonas Connor Riddle,JCR0921,47,46,31,40,34,378,0.7955128019645412
Jane Ignacia Mcdonald,JIM0095,10,18,21,15,35,375,0.7557329627260383
Kenyon Raja Galloway,KRG0158,34,38,42,14,27,373,0.9478187904832877
Denise Ifeoma Doyle,DID0650,45,21,17,42,21,372,0.877828325531846
Britanni Marah Cash,BMC0547,41,18,22,21,35,364,0.7767507121151012
Camilla Claire Whitehead,CCW0524,40,25,20,21,25,360,0.9667713335387099
Shannon Chantale Price,SCP0130,42,18,35,32,24,355,0.7329845548354075
Ira Wyatt Moss,IWM0816,35,42,50,44,28,355,0.8050696161387034
Troy Uriah Conway,TUC0632,38,44,10,13,31,354,0.9214771335994886
Reuben Fulton Pugh,RFP0380,39,39,20,20,32,352,0.7699406689929901
Dustin Gage Franco,DGF0443,39,44,18,28,33,348,0.7687695597726135
Elvis Marshall Walton,EMW0772,46,41,20,12,28,348,0.9110976257655654
Chastity Quyn Wilkerson,CQW0652,10,22,48,20,33,347,0.915251009663014
Alma Leila Duncan,ALD0529,35,21,19,21,27,344,0.9806036341034894
Orla Ruth Mckenzie,ORM0669,44,39,28,39,36,344,0.7315917905358955
Kermit Jonas Gould,KJG0910,37,10,31,18,29,342,0.9207488232439817
Valentine Lucian Benjamin,VLB0647,48,40,42,47,24,342,0.980039001311374
MacKensie Mara Grant,MMG0943,23,27,28,34,26,341,0.7742025722994904
Peter Gil Harrington,PGH0184,30,35,33,22,25,340,0.9571974031690079
Illana Isabelle Lamb,IIL0513,37,13,26,38,34,339,0.9566958207512944
William Theodore Reeves,WTR0563,47,45,46,15,31,339,0.7847159184675098
Melvin Brody Garza,MBG0438,38,17,37,16,29,338,0.7733114296391596
James Cain Vargas,JCV0245,40,44,22,20,27,337,0.9145623509723035
Whilemina Pandora England,WPE0538,21,16,23,22,35,336,0.6944907104874568
Zia Shelley Blankenship,ZSB0649,23,25,36,14,26,334,0.8788292438548265
Elaine Hanna Raymond,EHR0096,22,13,20,48,31,331,0.8308624975275024
September Vielka Livingston,SVL0940,15,42,26,15,34,331,0.8003201831735273
Noble Devin Mack,NDM0417,44,36,50,12,34,330,0.9332948850336112
Dacey Jorden Bowen,DJB0159,20,37,27,38,37,328,0.9000571322138103
Marcia Lillian Lynn,MLL0598,44,17,23,49,29,323,0.7082205603067748
Diana Lillian Solis,DLS0383,10,21,12,25,24,323,0.93719640053835
Mariko Ivana Mckee,MIM0712,16,15,39,23,22,320,0.7881816063161092
Keaton Ronan Leonard,KRL0062,37,16,17,20,33,319,0.7660722317800964
Aladdin Abraham Foley,AAF0791,14,40,40,50,34,313,0.8043612171956736
Shelby Lila Turner,SLT0907,16,15,43,27,27,312,0.9113799965330017
Phelan Nissim Howell,PNH0761,36,49,27,32,30,310,0.9789165900509611
Flavia Fiona Cannon,FFC0891,38,10,39,50,39,310,0.8803218847720651
Jade Maris Coleman,JMC0925,33,10,23,19,31,309,0.7726552359696958
Vladimir Thomas Todd,VTT0385,14,26,17,36,28,308,0.6882440791943326
Alec Boris Chase,ABC0253,21,15,41,30,28,307,0.7683783329683486
Zachery Samson Kerr,ZSK0258,38,35,21,37,25,305,0.7505076002156548
Minerva Emerald Solomon,MES0407,38,44,25,47,37,304,0.7785746936176049
Bevis Brady Sheppard,BBS0039,44,37,34,21,40,304,0.8365500969725892
Mercedes Ina Landry,MIL0255,38,16,39,21,27,303,0.7777867101565156
Jaden Nicole Johnston,JNJ0556,43,45,22,33,34,302,0.6717818357640872
Imani Aubrey Ray,IAR0694,12,17,44,40,34,302,0.8711340012770653
Hillary Piper Riddle,HPR0585,34,46,15,46,35,301,0.6969984860250956
Kyla Blythe Carter,KBC0054,42,43,17,41,32,300,0.7709278949675819
Amy Lucy Chen,ALC0788,34,18,15,36,35,297,0.797457714927999
Buffy Vivien Nichols,BVN0514,36,23,30,23,22,296,0.9102148474897044
TaShya Yoko Bailey,TYB0779,24,20,35,36,34,294,0.975686533352336
Eagan Zephania Talley,EZT0640,12,15,27,39,27,294,0.6626992926983036
Suki Ori Grant,SOG0411,26,19,21,24,23,293,0.8049072010305263
Drew Ivan Beck,DIB0081,34,45,14,28,33,292,0.727987778028735
Macaulay Otto Hopkins,MOH0273,39,40,47,50,26,291,0.9309994110853572
Bethany Xerxes Johnson,BXJ0010,46,24,30,35,34,291,0.6977391537584472
Emerald Imani Schmidt,EIS0041,41,44,17,48,30,290,0.7186562948631766
Katelyn Lani Murray,KLM0639,20,15,24,40,26,287,0.7672160495066124
Vernon Finn Mcgee,VFM0814,46,45,44,19,28,285,0.7613329640333224
Rashad Aristotle Guerrero,RAG0275,23,38,35,41,32,282,0.9156403908864427
Jena Audrey Malone,JAM0382,25,23,41,17,23,281,0.9451228893048045
Bryar Ivana Sweet,BIS0247,36,19,18,39,37,280,0.801147288745166
Honorato John Sloan,HJS0072,44,42,19,19,31,277,0.9189053496281169
Ira Brendan Ball,IBB0359,48,33,21,43,38,275,0.785316465275995
Tyrone Damian Garner,TDG0962,42,40,36,26,21,273,0.9163686749591115
Rae Melissa Wilson,RMW0542,17,21,20,13,41,272,0.9221853285374056
Rina Denise Mcgee,RDM0115,42,17,39,15,30,271,0.7062570376224976
Cairo Theodore Robles,CTR0341,45,39,23,13,28,267,0.7692697132051002
Anastasia Kylan Kaufman,AKK0329,45,22,25,39,22,266,0.8446247577304729
Portia Illana David,PID0426,43,19,39,44,23,265,0.8882645176545789
Bethany Lydia Lyons,BLL0929,44,49,10,41,39,262,0.7801143644441808
Kimberley Roary Maldonado,KRM0541,40,20,38,36,23,260,0.879784169872302
Kibo Josiah Murray,KJM0887,31,47,14,16,32,259,0.9705637227264939
Brock William Hunter,BWH0813,36,36,33,20,30,254,0.7848300315441269
Bruno Beau Hoover,BBH0810,40,25,10,21,32,253,0.8132335233795452
Honorato Joseph Adkins,HJA0018,39,43,47,37,32,253,0.7780092857349582
Tasha Casey Dalton,TCD0009,44,28,44,38,23,251,0.7797143607256075
Eagan Gannon Koch,EGK0893,21,30,11,47,27,251,0.966734176987654
Josiah Thaddeus Stewart,JTS0389,31,36,11,44,32,250,0.7813230339047628
Oscar Nolan Wooten,ONW0083,46,30,25,30,26,246,0.7907498514561138
Charde Lareina Barrett,CLB0774,49,23,22,17,31,245,0.74303672765791
Montana Basia Roberts,MBR0724,33,44,18,35,31,243,0.7916084535503628
Uriel Axel Diaz,UAD0771,46,34,15,30,31,243,0.8298847168683733
Irma Melanie Patrick,IMP0530,40,17,42,50,32,242,0.7690419401810907
Vincent Avram Aguirre,VAA0087,36,44,42,18,23,242,0.7679919806506362
Cathleen Risa Oneal,CRO0027,19,30,28,46,26,241,0.7748360116327616
Ira Benjamin Mays,IBM0671,50,46,38,35,31,241,0.83780463637885
Galena Deborah Francis,GDF0704,25,13,21,29,36,240,0.780181581410949
Ivana Kaitlin Parsons,IKP0472,32,10,37,38,31,240,0.8660273243555824
Akeem William Mayer,AWM0764,47,37,39,42,36,240,0.9867700066941784
Roanna Sacha Monroe,RSM0277,37,38,20,50,22,240,0.8480917117643898
Sloane Jade Cochran,SJC0333,22,39,31,36,29,239,0.8231075181157801
Gareth Thomas Dickson,GTD0219,40,40,19,30,33,236,0.7917616746697315
Hedwig Regina Livingston,HRL0540,43,38,17,40,18,236,0.7813599920874328
Dante Vaughan Weber,DVW0103,40,45,44,21,29,235,0.7646829877610979
Abdul Ralph Deleon,ARD0509,50,40,35,32,32,235,0.9638412778809945
Lionel Jasper Johnston,LJJ0905,43,36,12,22,30,235,0.9788570281401072
Cedric Alexander Bowers,CAB0388,37,33,23,40,36,232,0.769343971396367
Buckminster Connor Bush,BCB0679,46,36,39,31,31,229,0.7819232352499322
Delilah Pearl Schneider,DPS0262,20,25,20,14,32,226,0.7702940638373292
Colton Nathan Barber,CNB0900,34,43,38,16,27,226,0.7501444296290636
Declan Zachery Caldwell,DZC0228,37,37,34,21,38,225,0.8197074061252844
Brenden Samuel Shaffer,BSS0369,39,42,34,14,32,223,0.7671571259312192
Jonathan John Martinez,JJM0203,37,36,18,30,28,223,0.772429090051554
Merrill Hiram Hess,MHH0180,19,41,35,10,29,220,0.9827219145561837
Sarah Imelda Juarez,SIJ0661,40,17,14,15,21,217,0.8857050409529619
Amal Judah Rich,AJR0932,46,30,35,12,29,217,0.7412871837330354
Kane Quinlan Stevenson,KQS0415,35,42,13,14,34,216,0.7426683665606829
Gregory Curran Sutton,GCS0518,41,36,23,38,21,216,0.7659242810619072
Dean Flynn Hines,DFH0188,35,40,18,38,24,215,0.766670649399152
Daquan Tucker Pugh,DTP0379,45,42,15,37,27,214,0.8916446811773518
Jessica Rachel Freeman,JRF0835,44,33,18,37,18,213,0.6634889773115907
Maggy Melissa Burt,MMB0488,21,18,16,24,27,212,0.7686154669345
Oleg Kane Britt,OKB0439,41,42,30,25,27,210,0.7756278285759111
Philip Keith Barron,PKB0429,34,42,43,40,22,208,0.9701791186630204
Chandler Raymond Kirk,CRK0916,32,46,26,19,32,207,0.8472222679551697
Hilda Alice Hahn,HAH0760,34,17,22,37,30,207,0.8508086858343108
Sylvester Guy Sanders,SGS0268,47,45,30,19,22,206,0.6440113440814906
Azalia Orli Beach,AOB0019,11,17,13,24,28,204,0.7760144182264314
Julian Samson Allen,JSA0775,50,46,42,19,33,204,0.8704288583848302
Nelle April Bowen,NAB0801,28,34,10,41,29,204,0.7674503219721515
Julie Jaime Burns,JJB0700,15,19,39,37,28,203,0.781665382785858
Armand Odysseus Key,AOK0844,11,30,44,26,31,202,0.7920968825529103
Byron Armand Livingston,BAL0044,14,41,26,44,30,200,0.7512068673114223
Chandler Ashton Madden,CAM0102,31,44,19,15,27,200,0.7691598952157446
Eliana Stephanie Albert,ESA0642,32,14,44,30,32,200,0.986573207485745
Noah Andrew Beck,NAB0903,44,30,19,30,37,196,0.8395081521819577
Norman Jackson Beck,NJB0243,23,35,37,24,34,196,0.9183493199506344
Macy Karleigh Winters,MKW0441,15,25,45,20,34,195,0.9816086187881706
Calvin Jarrod Hood,CJH0702,46,24,30,25,37,193,0.7817119680867406
Bruce Sawyer Barrera,BSB0990,34,44,13,43,37,191,0.7629231089091456
Wesley Dustin Dickerson,WDD0366,43,42,17,19,28,189,0.7643269852615413
Cheyenne Lesley Dominguez,CLD0894,19,21,50,16,36,189,0.9697386467674413
Grace Alma Fry,GAF0060,41,16,39,25,22,189,0.9148516866891989
Preston Odysseus Bryan,POB0343,46,19,44,27,34,188,0.7742338242093463
Cody Jonathan Potter,CJP0952,45,18,25,18,27,183,0.7812070598602018
Nigel Harrison Estrada,NHE0919,25,16,32,21,24,181,0.7719003290726391
Brenda Alika Matthews,BAM0636,13,40,46,42,39,178,0.7689467676783017
Mark Yardley Dunlap,MYD0978,39,32,36,13,32,178,0.7721337404435233
Kevyn Quin Charles,KQC0708,34,18,39,42,23,177,0.7666031022649968
Mari Gretchen Shaw,MGS0974,17,39,39,40,27,176,0.8311883441386747
Miriam Shoshana Donovan,MSD0939,24,37,15,42,31,175,0.7789635031356771
Madonna Kristen Love,MKL0941,16,26,20,38,30,174,0.7773809880343743
Shaeleigh MacKenzie Harris,SMH0291,23,22,10,24,32,173,0.7916688415641407
Matthew Harper Glass,MHG0244,42,46,21,15,22,173,0.89857782921922
Jaquelyn Angelica Jimenez,JAJ0849,22,24,23,23,33,171,0.8319496207674205
Jade Felicia Caldwell,JFC0557,22,16,23,40,33,170,0.6506854255954295
Dorothy Marny Goff,DMG0358,19,39,14,25,29,170,0.7280801132347793
Priscilla Martha Vinson,PMV0850,23,39,12,42,23,169,0.6853318765695506
Amir Hayden Gray,AHG0634,31,36,42,41,27,167,0.7448243010225924
Ocean Maite Summers,OMS0101,20,12,21,22,29,167,0.786890727217115
Rowan Neve Parks,RNP0211,39,15,25,40,30,166,0.7128811222678639
Fitzgerald Wayne Miranda,FWM0707,50,36,35,18,34,166,0.778288349313275
Lilah Renee Wagner,LRW0970,10,26,39,22,28,161,0.7909197714307045
Alfreda Sierra Savage,ASS0517,36,35,47,44,32,159,0.7645111586906846
Hermione Casey Witt,HCW0419,40,21,35,34,35,158,0.9027290583019566
Beau Hall Watts,BHW0458,36,32,28,30,29,158,0.7737819844690684
Sonia Anne Kirkland,SAK0375,16,20,27,16,31,157,0.6382557174566723
Reece Nicolas Lopez,RNL0695,47,41,44,19,36,157,0.7743162171237428
Barry Martin Mason,BMM0112,40,36,24,40,25,153,0.7632171005411172
Isaiah Upton Buchanan,IUB0565,44,39,35,22,30,152,0.7627895645512955
Amity Kendall Foley,AKF0709,42,31,29,22,32,152,0.7918179521801797
Iona Brenda Payne,IBP0883,30,25,15,11,17,152,0.8508440095223172
Ruth Yael Burris,RYB0718,19,18,42,13,21,151,0.784118582101271
Sharon Jemima Whitehead,SJW0451,43,30,16,50,28,148,0.7778577551070128
Arthur John Floyd,AJF0370,37,33,11,15,36,147,0.8408099931391542
Zenia Kiona Stevenson,ZKS0899,47,20,42,43,30,147,0.9639039038582601
Demetrius Alvin Levy,DAL0673,39,35,46,41,36,147,0.8393693798859456
Arthur Lucian Bonner,ALB0892,25,19,44,22,30,147,0.7693080408434996
Caldwell Ian Maxwell,CIM0926,31,25,41,17,31,145,0.9859617240814218
Jena Chanda Rollins,JCR0289,32,43,33,33,29,145,0.7979651179293206
Ann Jolie Potts,AJP0723,24,29,17,12,29,144,0.8410785835914152
Leonard Uriel Ramos,LUR0896,15,11,47,43,28,144,0.7683757452580937
Quinn Coby Hays,QCH0110,34,35,17,37,27,143,0.8628523582807004
Emerald Lysandra Hodges,ELH0960,40,43,26,41,22,143,0.7855881218589268
Colorado Joel Merrill,CJM0138,10,40,21,17,23,143,0.7687730562766826
Bevis Christopher Mcknight,BCM0653,45,34,41,18,31,142,0.7775592195286747
Beatrice Alexis Kidd,BAK0964,25,16,22,18,28,142,0.7901227797607179
Kennedy Robert Vega,KRV0372,40,39,25,35,32,139,0.9526775634628165
Alan Benjamin Holder,ABH0663,47,49,41,11,34,139,0.8701724815010595
Jorden Helen Pierce,JHP0583,37,25,40,42,37,139,0.6304152263613759
Heidi Mia Wilson,HMW0713,38,24,40,36,28,137,0.7932754319576526
Colt Kendall Perez,CKP0721,40,39,39,13,32,136,0.7991634850261321
Constance Audrey Hicks,CAH0936,40,22,39,50,24,135,0.7723206120944762
Athena Amelia Foreman,AAF0535,17,21,36,33,31,134,0.981491137656135
Quentin Nolan Fitzpatrick,QNF0205,35,41,22,21,29,134,0.9697888580884272
Eden Deborah Ball,EDB0714,21,23,35,26,29,134,0.7136249026815941
Selma Barbara Nicholson,SBN0971,41,40,17,47,30,134,0.7952529492197532
Sandra Beverly Diaz,SBD0913,45,16,19,19,42,133,0.7801766982377394
Olivia Quynn Hardy,OQH0183,34,38,18,33,23,133,0.7670511136965316
Idola Carly Haley,ICH0294,32,27,20,40,26,131,0.7371892103762114
Isadora Buffy Brewer,IBB0696,47,13,36,16,33,128,0.785922801846967
Kenneth Steel Porter,KSP0966,42,36,19,24,35,126,0.7776391008060362
Macey Christen Turner,MCT0720,34,12,20,22,37,125,0.7959277298257095
Magee Ashton Evans,MAE0331,36,39,18,12,28,124,0.7627881246887072
William Aristotle Sampson,WAS0254,43,37,16,18,35,123,0.744735624083939
Jenna Darrel Charles,JDC0030,31,18,19,21,26,123,0.8345689081089431
Anthony Aidan Nixon,AAN0823,24,16,45,24,28,122,0.7737113160481545
Cherokee Tashya Ramirez,CTR0697,36,15,33,25,34,122,0.7944213006793818
Jescie Kristen Jenkins,JKJ0698,16,38,16,22,28,122,0.7924728529786733
Addison Hiram Morrow,AHM0410,34,43,15,18,26,122,0.8319369402933885
Aspen Amber Vinson,AAV0450,44,24,36,41,33,121,0.7775722641776234
Chadwick Wayne Bond,CWB0065,50,33,14,20,23,121,0.8344216445491919
Howard Wing Yang,HWY0038,47,39,40,22,24,120,0.9126114734923441
Aaron Porter Gutierrez,APG0307,43,39,36,43,22,119,0.8445273047801658
Britanney Quail Snyder,BQS0525,42,38,19,45,30,118,0.9007642578994579
Leo Hasad Byrd,LHB0967,37,38,41,47,33,118,0.7935638091578352
George Cade Chen,GCC0945,30,39,18,25,27,118,0.7787805635236621
Ivor Herrod Kaufman,IHK0841,35,23,41,28,29,117,0.7886884511620967
Hadley Willa Hill,HWH0646,17,24,24,21,28,116,0.7496619046837476
Xanthus Louis Buck,XLB0710,46,38,39,36,20,116,0.7944150942256426
Quyn Jolie Rosario,QJR0688,19,18,22,26,35,115,0.8298778617102779
Rosalyn Daphne Tillman,RDT0424,38,44,19,34,28,114,0.8777500310948018
Octavia May Maddox,OMM0944,17,14,27,21,29,114,0.7339935361157769
Mufutau Nehru Contreras,MNC0717,30,37,22,22,34,111,0.7925743249891649
Abel Reese Boone,ARB0881,38,46,43,10,35,111,0.7694841119229162
Troy Nicolas Molina,TNM0961,37,50,39,17,32,111,0.7804994459879012
Ariel Ina Barrett,AIB0948,42,31,27,20,31,110,0.7844964776056609
Benjamin Tyrone Norman,BTN0061,42,21,22,20,22,110,0.984993545672889
Kane Walter Eaton,KWE0082,38,43,19,48,35,110,0.7216176402628668
Madison Lydia Morrison,MLM0950,24,20,29,23,36,108,0.7834501924070966
Felicia Xantha Farley,FXF0957,35,25,47,36,28,108,0.7878087086835406
Myra Kay Greer,MKG0711,17,26,43,32,38,107,0.7918433258441094
Simone Scarlet Rose,SSR0278,34,32,45,15,24,107,0.6952811128314454
Caldwell Quamar Head,CQH0701,35,50,39,50,32,106,0.8000360366874616
Margaret Illana Burch,MIB0904,22,21,34,38,25,106,0.7664417353217698
Deanna Imelda Blanchard,DIB0285,13,45,17,50,29,104,0.780457059164637
Cameran Madonna Shepard,CMS0454,43,23,28,15,25,104,0.7801305411320539
Risa Laura Bolton,RLB0719,14,18,15,40,35,103,0.7936227593923542
Cassidy Florence Gibbs,CFG0959,42,21,24,17,20,103,0.7927219879983488
Octavius Kelly Castaneda,OKC0107,32,40,16,47,35,103,0.777421879632618
Lavinia Justine Richmond,LJR0523,32,21,11,33,25,102,0.9763272733092604
Fletcher Perry Cantu,FPC0954,22,25,50,20,27,102,0.7911234345342116
Mira Jamalia Snow,MJS0890,10,26,16,11,29,100,0.8859039339924394
Graiden Nehru Zimmerman,GNZ0953,26,18,26,36,29,98,0.7846444052891858
Phelan Dieter Hendricks,PDH0716,40,16,14,10,24,98,0.7773164562281939
April Alika Levy,AAL0706,37,14,28,13,25,98,0.7700135210485428
Ivy Charissa Solis,ICS0956,22,20,18,35,26,98,0.7916224893370769
Cade Rajah Patterson,CRP0456,37,41,28,43,30,97,0.7822274999515673
Alice Sierra Valenzuela,ASV0946,35,12,46,17,26,93,0.7941642141997624
Grant Camden Gay,GCG0951,33,33,25,19,44,93,0.7947045899586451
Micah Abdul Rojas,MAR0955,36,44,23,44,25,93,0.8123902763017925
Ariel Bertha Murphy,ABM0845,45,21,35,50,29,92,0.8361279689326611
Otto Hedley Chase,OHC0973,42,24,42,17,35,92,0.793683811608561
Cecilia Yuri Ashley,CYA0506,16,17,44,14,31,91,0.9545000139440253
Echo Leandra Torres,ELT0769,19,20,20,27,35,91,0.9462002729904538
Ayanna Vivian Murray,AVM0947,10,25,30,44,39,90,0.7934774221025688
Lester Quamar Pearson,LQP0508,26,44,21,40,27,90,0.8043151073871804
Grady Jordan Duran,GJD0298,43,39,12,40,27,90,0.7870703776177883
Dominic Calvin Hewitt,DCH0843,20,31,11,18,36,89,0.7634621354391955
Malcolm Sebastian Garrison,MSG0839,42,46,19,39,29,88,0.6994232620738429
Wynter Rose Mercer,WRM0963,17,23,43,31,22,87,0.7684417668287614
Jameson Damian Franco,JDF0593,30,45,11,41,29,87,0.7732922897095799
Kyla Jocelyn Porter,KJP0371,36,21,25,15,30,87,0.9043092274897542
Adam Kendall Harrell,AKH0758,24,38,40,37,27,85,0.9755734923580442
Sandra Roary Solomon,SRS0231,17,44,36,32,26,85,0.9601555508048236
Irene Lacota Huffman,ILH0958,28,17,20,19,24,85,0.8095801267754656
Nevada Leilani Ortega,NLO0131,19,13,46,40,29,84,0.7927905476404756
Beck John Peters,BJP0134,42,17,44,21,39,83,0.7671028761409577
Cameron Shay Lester,CSL0949,36,20,18,25,28,82,0.7913826428522585
Penelope Montana Colon,PMC0328,20,43,10,36,33,82,0.7797467164205334
Owen Ross Burks,ORB0473,38,44,46,38,38,81,0.7593999745826904
Dai Keely Bullock,DKB0631,34,18,14,46,31,81,0.7700676890982718
Teegan Jillian Burris,TJB0302,42,47,24,40,29,81,0.7856146180918067
Olivia Rose Galloway,ORG0339,50,28,46,47,20,80,0.7683757452580909
Hope Dawn Jensen,HDJ0446,18,17,45,27,35,79,0.7850010314652519
Brett Damian Beck,BDB0453,41,42,27,41,26,78,0.8079179850838567
Heather Cynthia Leonard,HCL0651,21,19,44,36,33,77,0.9000553707940213
Gwendolyn Amaya Ferrell,GAF0570,31,15,38,46,35,77,0.8653483416346085
Kibo Dolan Turner,KDT0346,36,41,10,22,33,76,0.7844428407759757
Colin Lawrence Holder,CLH0703,48,41,47,28,29,76,0.7907924619908228
Fallon Harriet Shelton,FHS0837,23,37,14,42,34,76,0.7327156942190022
Geoffrey Harlan Lara,GHL0460,21,37,24,17,35,74,0.7164224651616032
Alfreda Morgan Holloway,AMH0464,45,16,42,37,21,74,0.7778626736031584
Mohammad Vladimir Farrell,MVF0594,35,38,33,44,36,74,0.8363845622430677
Ella Rachel Hess,ERH0449,44,15,35,17,25,73,0.8440002032634326
Melodie Lee Glenn,MLG0475,45,16,18,19,25,73,0.776254981973353
Timothy Arthur Carroll,TAC0300,15,38,18,18,36,73,0.7740465102039341
Daria Samantha Mcbride,DSM0591,20,35,18,43,35,72,0.7549886281405387
Sebastian Elliott Sexton,SES0477,38,40,13,39,29,72,0.9978835510225205
Todd Scott Roth,TSR0676,43,40,26,19,33,71,0.6847957187637203
Penelope Lysandra Hayes,PLH0715,42,37,19,37,29,70,0.7936147476022857
Yvette Jeanette Vang,YJV0699,17,25,30,13,31,70,0.7869982963690111
Kasper Lance Huffman,KLH0596,30,10,35,12,29,69,0.7739487362773582
Jerry Tad Mccall,JTM0223,35,48,20,21,30,69,0.7680694076327169
Chadwick Armand Nunez,CAN0842,38,41,22,39,29,69,0.8917289972929335
Nicolas James Cantu,NJC0705,43,39,29,36,31,68,0.8168588354571639
Sierra Margaret Barker,SMB0804,38,10,19,36,33,68,0.8191967406566023
Hollee Shannon Dudley,HSD0457,38,19,20,42,27,68,0.7769790871396471
Nero Uriel Little,NUL0471,35,38,38,26,37,67,0.7844342929609629
William Graham Rowe,WGR0833,38,46,24,38,42,65,0.79340426739664
Harper Clark Vazquez,HCV0478,46,36,18,12,24,65,0.8746643716164944
Kessie Kay Cooper,KKC0683,32,37,37,48,35,65,0.8488842473971971
Dakota Edward Brady,DEB0782,42,47,32,21,36,65,0.9815070273414142
Elaine Sonya Hughes,ESH0135,35,22,32,44,28,64,0.8205348616371394
Riley Ginger Guy,RGG0064,36,19,20,42,34,64,0.8730381707813055
Holly Xerxes Lara,HXL0968,45,21,35,40,34,64,0.8105592757272057
Tad Patrick Hardin,TPH0474,44,39,14,21,35,64,0.7839155315316518
Maxwell Clark Faulkner,MCF0600,39,49,13,26,27,64,0.7697172025517199
Jenette McKenzie Lynn,JML0909,24,32,39,40,21,63,0.8720781446968353
Ian Jonas Morrow,IJM0444,36,35,39,35,26,63,0.8787219995032625
Robert Aristotle Stevenson,RAS0432,44,47,40,41,16,62,0.8798184387955283
Armando Albert Walter,AAW0353,49,45,19,25,34,61,0.8007567023787127
Naomi Meredith Baxter,NMB0972,45,22,17,20,29,61,0.796272596085946
Bruno Stewart Silva,BSS0463,32,40,40,38,28,60,0.781231879639145
Chester Caldwell Mendoza,CCM0467,43,40,19,26,25,60,0.8023266443307483
Sylvia Ariana Head,SAH0599,13,22,44,18,22,60,0.8244188667808251
Herman Ian Abbott,HIA0414,38,39,39,18,31,59,0.7698966396291419
Eve Shaeleigh Holman,ESH0283,44,30,35,18,31,58,0.9018996554253659
Teagan Raven Kennedy,TRK0914,40,19,14,33,30,58,0.8472172592661554
Raymond Arsenio Blackwell,RAB0589,36,35,26,14,31,58,0.7929980356808352
Hakeem Stephen Peck,HSP0290,38,15,28,20,27,58,0.7822189590081094
Stephanie Eliana Rasmussen,SER0165,20,15,24,17,27,57,0.8226092058412967
Carter Harrison Maldonado,CHM0821,48,11,39,19,23,56,0.7816836969312091
Yoshio Joseph Farmer,YJF0532,40,35,23,47,26,56,0.7572379535737103
Raphael Aristotle Ray,RAR0725,32,32,25,20,35,56,0.796454606531735
Maryam Nelle Ruiz,MNR0829,41,33,40,15,23,56,0.9666288815969336
Wang Dean Vasquez,WDV0573,48,36,13,31,33,55,0.774733306093555
Tamara Shaeleigh Best,TSB0437,26,23,16,30,26,55,0.896899700316461
Ivan Levi Craig,ILC0838,40,36,42,16,33,55,0.8482955314454699
Ezra Hilel Dyer,EHD0584,38,40,42,43,22,55,0.8656147731217283
Medge Liberty Petersen,MLP0668,40,17,16,43,33,54,0.9931436295954481
Marshall Benjamin Wilcox,MBW0809,43,45,44,18,19,54,0.7872444271130816
Bruno Carter Robles,BCR0581,20,11,34,36,30,53,0.775544160357841
Aquila Stewart Dejesus,ASD0577,40,48,36,14,37,53,0.8596409947630713
Ramona Alma Moses,RAM0447,35,12,23,45,39,53,0.7958580746774633
Carl Ferdinand Wong,CFW0264,19,32,17,20,27,52,0.7692929420960939
Jackson Linus Wilkerson,JLW0053,42,41,18,38,31,52,0.8580680118025149
Alexander Rafael Arnold,ARA0252,39,39,27,21,35,52,0.9333890202818161
Joy Rosalyn Leblanc,JRL0574,19,26,35,47,40,52,0.7561849950553103
Kirestin Vanna Sykes,KVS0425,20,19,21,30,35,51,0.858954721508
Basia Nevada Riggs,BNR0965,47,19,15,20,22,51,0.7873021925253195
Buckminster Benjamin Swanson,BBS0422,39,42,29,41,18,50,0.8383837489885373
Naida Imelda Hughes,NIH0969,43,25,43,22,22,50,0.793372505328142
Mikayla Jaden Barron,MJB0588,39,24,15,47,38,49,0.8566471602463483
Flynn Edward Brennan,FEB0306,40,42,26,25,31,49,0.7718639855231357
Aladdin Hu Day,AHD0848,24,30,49,16,30,49,0.7694146360534906
Ursa Britanney Frederick,UBF0645,34,20,34,23,31,48,0.7712309004883964
Erasmus Cameron Franco,ECF0828,40,49,39,40,35,48,0.7835250465671383
Brittany Mona Terry,BMT0528,33,25,39,25,30,47,0.7705383408069639
Aretha Dorothy Deleon,ADD0846,18,19,25,12,35,47,0.7694570430325276
Madonna Veronica Hardy,MVH0373,44,19,20,21,25,47,0.7707961788861669
Savannah Marcia Yang,SMY0792,43,37,39,42,25,45,0.77054498934122
Dante Raja Roberts,DRR0162,45,36,20,36,29,45,0.8511976535707428
Albert Mohammad Joseph,AMJ0297,16,43,50,18,28,44,0.7847068879700497
Tara Alma Potts,TAP0551,25,17,27,20,22,43,0.7473759346092933
Laith Jason Britt,LJB0826,38,21,39,15,32,43,0.7740671584856288
Olympia Shafira Harrison,OSH0655,16,21,42,39,28,43,0.7602581915005937
Megan Simone Hess,MSH0040,41,11,44,27,31,42,0.9069285382940494
Kirk Jakeem Joyce,KJJ0293,41,42,23,39,33,42,0.7690943393126817
Samantha Audrey Curtis,SAC0687,20,49,37,19,22,42,0.8373917963889609
Honorato Ivan Wall,HIW0536,39,50,25,24,20,41,0.8072289232847292
George Zachery Burch,GZB0469,46,39,22,45,28,41,0.7956216049773557
Anne Jane Carey,AJC0840,14,24,19,33,37,40,0.7671305899230301
Zena Sigourney Langley,ZSL0305,21,26,18,41,32,40,0.9264295753895293
Paula Madaline Jackson,PMJ0564,30,21,40,14,39,40,0.8112424936114779
Serina Amena Chavez,SAC0592,24,18,23,42,26,38,0.7552372773212486
Blair Todd Long,BTL0722,39,41,36,17,49,38,0.791607121402114
Finn Tucker Medina,FTM0406,31,15,38,16,34,38,0.8397544393165964
Myles Donovan Macias,MDM0976,41,40,38,20,31,37,0.8084997495183941
Isadora Blaine Shepherd,IBS0836,10,44,50,38,27,35,0.7644486351167509
Jane Justina Hunt,JJH0292,35,23,38,39,28,35,0.7708286957378699
Amelia Rhoda Burgess,ARB0834,40,42,40,49,26,35,0.7725086587633045
Jackson Rafael Sutton,JRS0362,50,50,14,37,24,35,0.9131401941528317
Tad Harlan Duncan,THD0448,41,32,29,38,32,34,0.82993369856872
Noble Clinton Klein,NCK0295,31,30,38,36,34,34,0.8112670492459216
Evelyn Sarah Reilly,ESR0693,35,23,25,21,31,34,0.8705877470122829
Nevada Odette Bass,NOB0181,31,21,21,41,25,34,0.8213273450196074
Scott Gary Burks,SGB0140,50,45,40,16,24,34,0.7597443009356714
Willow Iliana Quinn,WIQ0567,25,41,10,47,39,34,0.7899692344612795
Neve Sarah Crane,NSC0597,19,13,11,44,31,34,0.774267636116383
Caesar Allen Cash,CAC0889,46,49,32,41,27,33,0.8062010963831819
Zenia Freya Macias,ZFM0468,35,16,20,45,30,33,0.7986701190550806
Addison Edward Snyder,AES0827,39,40,34,38,23,32,0.8557015503019774
Hall Colorado Morin,HCM0267,36,45,39,20,32,32,0.8070081779655577
Halee Kim Burnett,HKB0418,50,18,13,26,27,31,0.7647251185793342
TaShya Savannah Mcgowan,TSM0363,34,19,20,39,33,31,0.8601316446606174
Jerry Kennan Fischer,JKF0465,10,37,12,17,32,29,0.8050613206662344
Teagan Briar Townsend,TBT0461,43,42,13,30,28,29,0.794300061134832
Lila Dana Mcintyre,LDM0587,49,20,23,21,26,29,0.7783764635117442
Kameko Signe Harrison,KSH0569,15,39,23,14,22,28,0.831194045604879
Mariko Olga Snyder,MOS0047,49,39,24,34,23,28,0.7164063196043386
Nash Conan Knight,NCK0421,40,41,18,43,24,28,0.7571614847940334
Mohammad Taylor Terrell,MTT0901,41,34,30,40,30,27,0.9727842998235464
Ella Cassandra Rivera,ECR0822,16,19,17,23,29,27,0.7665310706876306
Noel Reagan Foster,NRF0137,10,49,38,17,32,27,0.7683757452580916
Emerson Tyrone Rojas,ETR0177,18,15,41,26,39,26,0.8504796218160803
Kai Penelope Peck,KPP0452,44,46,44,16,19,26,0.8001159114632154
Devin Abdul Rogers,DAR0885,43,43,44,41,25,26,0.9748166710805255
Genevieve Hyacinth Head,GHH0288,12,36,40,36,30,26,0.7922427802200139
Hanae Gay Hogan,HGH0595,41,14,22,39,29,24,0.7788556816516047
Peter Tad Hartman,PTH0830,43,44,42,43,34,24,0.779796366179312
Ella Nita Lewis,ENL0100,39,18,42,35,21,24,0.8072725550157601
Price Bevis Pittman,PBP0002,49,35,23,10,27,23,0.7978736606472703
Callum Jasper Gilmore,CJG0470,44,45,22,32,24,23,0.7963681780335709
Nicolas Brandon Hendrix,NBH0256,41,43,14,21,22,23,0.6696897447699333
August Ronan Lucas,ARL0034,41,39,27,21,26,21,0.7223348969629161
Cain Byron Baldwin,CBB0365,37,17,20,41,33,21,0.9054231963127354
Joel Kennan Mccarty,JKM0303,46,10,44,15,35,20,0.8073513382911368
Burke Randall Burnett,BRB0355,33,21,37,19,29,20,0.887744921417494
Akeem Jerry Lopez,AJL0462,16,24,44,31,28,20,0.7976271076553819
Deirdre Amaya Garcia,DAG0558,20,16,37,25,26,19,0.8200229187718482
Octavia Nora Leblanc,ONL0276,48,46,17,41,20,19,0.8247561597734725
Eric Gray Duncan,EGD0132,37,38,33,15,22,18,0.8632560925238137
Thomas Vladimir Stokes,TVS0006,43,43,37,20,41,18,0.7852023336835071
Yardley Ezra Vang,YEV0793,40,37,42,15,22,18,0.7931785195973159
Elijah Gary Diaz,EGD0409,39,40,22,35,33,18,0.7662530867083479
Edward Dean Anthony,EDA0684,38,42,40,39,33,18,0.8919770336598124
Paula Isabelle Santiago,PIS0522,44,26,48,40,35,17,0.8117133223185435
Lacota Dahlia Good,LDG0459,20,41,10,50,34,17,0.7929766620201031
Theodore Eagan Bass,TEB0251,44,50,22,13,36,15,0.8675407875424052
Amal Alexander Shelton,AAS0442,36,43,22,22,31,15,0.777512241995068
Valentine Elton Britt,VEB0935,46,37,39,20,32,14,0.8397711728416418
Glenna Caryn Sharpe,GCS0571,22,18,16,23,32,13,0.8303564840731167
Piper Sasha Fuentes,PSF0133,42,40,11,36,33,13,0.8970824505083329
Blythe Veda Cooke,BVC0790,24,18,18,36,38,12,0.7266146759028099
Philip Nathan Logan,PNL0301,50,43,30,43,31,12,0.887351580403197
Jacqueline Latifah Miles,JLM0364,35,22,15,25,37,12,0.8016420295513086
Aurora Sarah Manning,ASM0575,42,25,21,45,30,11,0.8265652359802066
Abel Adam Morton,AAM0658,43,35,37,36,22,11,0.7340081381267392
Willow Jaime Daniel,WJD0576,40,20,23,38,26,11,0.8787640941339311
Slade Orson Burch,SOB0586,45,35,23,24,30,10,0.7954634515640382
Dale Dorian Mercado,DDM0579,33,45,30,37,26,9,0.7595360928009467
Lane Oleg Mclaughlin,LOM0086,18,10,34,23,33,8,0.8795489347756721
Chiquita Linda Stokes,CLS0296,27,16,25,18,33,8,0.805252831060569
Ivory Leandra Rogers,ILR0304,20,22,18,46,30,8,0.9576910650255088
Wesley Kasper Duffy,WKD0013,42,36,40,27,34,8,0.8032978264688122
Nicole Macey Craig,NMC0486,42,10,23,21,27,8,0.9054231963127348
Jeremy Rooney Henderson,JRH0455,19,21,42,20,34,7,0.797627107655382
Desirae Mari Koch,DMK0257,33,20,26,26,30,7,0.9117794673664841
Iris Rhea Terrell,IRT0491,17,30,27,41,32,7,0.8561509359378022
Leslie Denise Dillon,LDD0560,25,43,39,26,35,6,0.8570103304220719
Halla Germaine Nolan,HGN0287,45,30,18,18,27,6,0.8422347432544713
Seth Harlan Walls,SHW0578,39,42,14,49,31,6,0.8105560232813732
Devin Brett Guzman,DBG0261,45,47,17,36,28,6,0.789011453466796
Brent Laith Beck,BLB0114,38,48,41,15,22,5,0.8536873229190556
Morgan Deborah Hoover,MDH0580,41,37,18,40,31,5,0.7969935008555087
Talon Ian Ware,TIW0299,34,19,19,12,31,5,0.9054231963127348
Kay Maxine Skinner,KMS0657,17,31,21,17,29,4,0.8995098129081582
Ethan Arden Hays,EAH0466,41,38,29,38,25,4,0.8473291805224181
Medge Nichole Sims,MNS0224,46,21,22,45,30,3,0.7007555821614307
Callum Brendan Gonzalez,CBG0490,50,31,35,10,29,3,0.7185695318556421
Emmanuel Lawrence Briggs,ELB0847,12,17,16,19,28,2,0.7409621745963174
Irene Jemima Meyers,IJM0139,45,17,15,30,35,2,0.8119963640841885
Hiroko Kiona Faulkner,HKF0831,23,42,49,21,24,2,0.7969935008555087
Timon Jacob Gay,TJG0582,42,50,18,15,29,2,0.7185695318556421
Raya Regan Church,RRC0553,40,14,24,38,29,2,0.8954774614636851
Lunea Priscilla Hardy,LPH0572,40,13,17,38,36,2,0.8712476812545987
Hakeem Mason Mccall,HMM0108,33,41,17,43,25,1,0.8191967406566029
Ivor Jelani Robbins,IJR0825,38,42,39,46,32,1,0.8191967406566029
Cailin Casey Mckee,CCM0136,16,16,39,40,29,1,0.7969935008555087
